#name	crc	size	key
007 James Bond (Japan) (Othello Multivision)	90160849	16384	007 James Bond (Japan) (Othello Multivision)
007 James Bond (Japan) (Othello Multivision) (Alt)	a8b5b57f	40960	007 James Bond (Japan) (Othello Multivision)
Bank Panic (Japan)	d8a87095	32768	Bank Panic (Japan)
Black Onyx, The (Japan)	26ecd094	32768	Black Onyx, The (Japan)
Bomb Jack (Japan, Australia) (Ja)	ea0f2691	32768	Bomb Jack (Japan, Australia) (Ja)
Borderline (Japan, Europe, Australia, New Zealand) (En)	0b4bca74	16384	Borderline (Japan, Europe, Australia, New Zealand) (En)
C_So! (Japan)	be7ed0eb	32768	C_So! (Japan)
Castle, The (Japan)	092f29d6	32768	Castle, The (Japan)
Chack'n Pop (Japan)	d37bda49	32768	Chack'n Pop (Japan)
Challenge Derby (Japan) (Othello Multivision)	c5f014dc	40960	Challenge Derby (Japan) (Othello Multivision)
Challenge Derby (Japan) (Rev 1) (Othello Multivision)	c91551da	16384	Challenge Derby (Japan) (Othello Multivision)
Challenge Derby (Japan) (Rev 1) (Othello Multivision) (Alt)	02bc891f	40960	Challenge Derby (Japan) (Othello Multivision)
Champion Baseball (Japan)	5970a12b	16384	Champion Baseball (Japan, Australia, New Zealand) (Ja)
Champion Baseball (Japan, Australia, New Zealand) (Ja)	c0c16fa7	40960	Champion Baseball (Japan, Australia, New Zealand) (Ja)
Champion Billiards (Japan)	62b21e31	32768	Champion Billiards (Japan)
Champion Boxing (Japan) (Rev 1)	f8b2ac1d	32768	Champion Boxing (Japan, New Zealand) (Ja)
Champion Boxing (Japan, New Zealand) (Ja)	26f947d1	32768	Champion Boxing (Japan, New Zealand) (Ja)
Champion Golf (Japan) (Rev 1)	5a904122	32768	Champion Golf (Japan, Europe, Australia, New Zealand) (Ja)
Champion Golf (Japan, Europe, Australia, New Zealand) (Ja)	868419b5	32768	Champion Golf (Japan, Europe, Australia, New Zealand) (Ja)
Champion Ice Hockey (Japan)	bdc05652	32768	Champion Ice Hockey (Japan)
Champion Kendou (Japan)	10cdebce	32768	Champion Kendou (Japan)
Champion Pro Wrestling (Japan)	372fe6bc	32768	Champion Pro Wrestling (Japan)
Champion Soccer (Japan, Europe) (Ja)	6f39719e	16384	Champion Soccer (Japan, Europe) (Ja)
Champion Tennis (Japan, Europe, Australia, New Zealand) (Ja)	7c663316	8192	Champion Tennis (Japan, Europe, Australia, New Zealand) (Ja)
Championship Lode Runner (Japan, Australia) (Ja)	11db4b1d	32768	Championship Lode Runner (Japan, Australia) (Ja)
Choplifter (Japan, Australia) (Ja)	732b7180	32768	Choplifter (Japan, Australia) (Ja)
Choplifter (Japan, Australia) (Ja) (Beta)	ff435469	32768	Choplifter (Japan, Australia) (Ja)
Complete Arcade Pack Collection, The (New Zealand) (SF-7000)	ad19c0a0	163840	Complete Arcade Pack Collection, The (New Zealand) (SF-7000)
Congo Bongo (Japan)	5eb48a20	24576	Congo Bongo (Japan)
Congo Bongo (Japan, Europe) (Ja) (Rev 1) (Alt)	f1506565	40960	Congo Bongo (Japan)
Congo Bongo (Japan, Europe, Australia, New Zealand) (En) (Rev 1)	5a24c7cf	24576	Congo Bongo (Japan)
Doki Doki Penguin Land (Japan)	346556b9	32768	Doki Doki Penguin Land (Japan)
Dragon Wang (Japan)	60f30138	32768	Dragon Wang (Japan)
Dragon Wang (Japan) (Rev 1)	99c3de21	32768	Dragon Wang (Japan)
Drol (Japan, Australia) (Ja)	288940cb	32768	Drol (Japan, Australia) (Ja)
Elevator Action (Japan)	5af8f69d	32768	Elevator Action (Japan)
Exerion (Japan, Europe, Australia, New Zealand) (En)	a2c45b61	16384	Exerion (Japan, Europe, Australia, New Zealand) (En)
Flicky (Japan) (Rev 1)	26d2862c	32768	Flicky (Japan, New Zealand) (Ja)
Flicky (Japan, New Zealand) (Ja)	bd24d27b	32768	Flicky (Japan, New Zealand) (Ja)
GP World (Japan)	942adf84	32768	GP World (Japan)
GP World (Japan) (Rev 1)	191ffe0a	32768	GP World (Japan)
Girl's Garden (Japan, Australia) (Ja)	1898f274	32768	Girl's Garden (Japan, Australia) (Ja)
Golgo 13 (Japan)	0d159ed0	32768	Golgo 13 (Japan)
Gulkave (Japan)	15a754a3	32768	Gulkave (Japan)
Guzzler (Japan) (Othello Multivision)	61fa9ea0	8192	Guzzler (Japan) (Othello Multivision)
H.E.R.O. (Japan)	4587de6e	32768	H.E.R.O. (Japan)
Hang On II (Japan, Australia) (Ja)	9be3c6bd	32768	Hang On II (Japan, Australia) (Ja)
Home Mahjong (Japan)	c9d1ae7d	49152	Home Mahjong (Japan)
Home Mahjong (Japan) (Rev 1)	e7e0f0e3	49152	Home Mahjong (Japan)
Hustle Chumy (Japan)	a627d440	16384	Hustle Chumy (Japan)
Hyper Sports (Japan)	ba09a0fd	32768	Hyper Sports (Japan)
Lode Runner (Japan, Europe, Australia) (En)	00ed3970	32768	Lode Runner (Japan, Europe, Australia) (En)
Mahjong (Japan)	6d909857	24576	Mahjong (Japan)
Mahjong (Japan) (Rev 1)	1c137cab	24576	Mahjong (Japan)
Monaco GP (Japan) (Rev 1)	da2d57f3	32768	Monaco GP (Japan, Europe, Australia, New Zealand) (Ja)
Monaco GP (Japan, Europe) (Ja) (Rev 2)	02e5d66a	32768	Monaco GP (Japan, Europe, Australia, New Zealand) (Ja)
Monaco GP (Japan, Europe, Australia, New Zealand) (Ja)	8572d73a	40960	Monaco GP (Japan, Europe, Australia, New Zealand) (Ja)
N-Sub (Japan) (Alt)	b377d6e1	40960	N-Sub (Japan, Europe, Australia, New Zealand) (Ja)
N-Sub (Japan, Europe, Australia, New Zealand) (Ja)	652bbd1e	16384	N-Sub (Japan, Europe, Australia, New Zealand) (Ja)
Ninja Princess (Japan, Australia) (Ja)	3b912408	32768	Ninja Princess (Japan, Australia) (Ja)
Okamoto Ayako no Match Play Golf (Japan) (Othello Multivision)	547dd7fd	32768	Okamoto Ayako no Match Play Golf (Japan) (Othello Multivision)
Okamoto Ayako no Match Play Golf (Japan) (Rev 1) (Othello Multivision)	49d3db2c	32768	Okamoto Ayako no Match Play Golf (Japan) (Othello Multivision)
Orguss (Japan, Europe, Australia, New Zealand) (En)	f4f78b76	32768	Orguss (Japan, Europe, Australia, New Zealand) (En)
Othello (Japan)	af4f14bc	32768	Othello (Japan)
Pacar (Japan) (Alt)	19949375	40960	Pacar (Japan, Europe, Australia, New Zealand) (En)
Pacar (Japan, Europe, Australia, New Zealand) (En)	30c52e5e	16384	Pacar (Japan, Europe, Australia, New Zealand) (En)
Pachinko (Japan)	326587e1	40960	Pachinko (Japan)
Pachinko II (Japan)	fd7cb50a	16384	Pachinko II (Japan)
Pitfall II - The Lost Caverns (Japan)	37fca2eb	32768	Pitfall II - The Lost Caverns (Japan)
Pitfall II - The Lost Caverns (Japan) (Rev 1)	3db74761	32768	Pitfall II - The Lost Caverns (Japan)
Pop Flamer (Japan, Europe, Australia, New Zealand) (En)	db6404ba	16384	Pop Flamer (Japan, Europe, Australia, New Zealand) (En)
Q-bert (Japan) (Othello Multivision)	77db4704	8192	Q-bert (Japan) (Othello Multivision)
Rock n' Bolt (Japan)	0ffdd03d	32768	Rock n' Bolt (Japan)
Safari Hunting (Japan, Europe, Australia, New Zealand) (Ja)	49e9718b	16384	Safari Hunting (Japan, Europe, Australia, New Zealand) (Ja)
Safari Race (Japan, Europe, Australia, New Zealand) (Ja)	08707fe3	32768	Safari Race (Japan, Europe, Australia, New Zealand) (Ja)
San-nin Mahjong (Japan) (Othello Multivision)	885fa64d	16384	San-nin Mahjong (Japan) (Othello Multivision)
San-nin Mahjong (Japan) (Othello Multivision) (Alt)	0e641f36	40960	San-nin Mahjong (Japan) (Othello Multivision)
Sega Flipper (Japan) (Alt)	fd76ad99	40960	Sega Flipper (Japan, Europe, Australia, New Zealand) (En)
Sega Flipper (Japan, Europe, Australia, New Zealand) (En)	8efc77bc	16384	Sega Flipper (Japan, Europe, Australia, New Zealand) (En)
Sega-Galaga (Japan)	31283003	40960	Sega-Galaga (Japan, Australia) (Ja)
Sega-Galaga (Japan, Australia) (Ja)	981e36c1	16384	Sega-Galaga (Japan, Australia) (Ja)
Serizawa Hachidan no Tsumeshougi (Japan)	545fc9bb	16384	Serizawa Hachidan no Tsumeshougi (Japan)
Shinnyushain Tooru-kun (Japan)	5a917e06	32768	Shinnyushain Tooru-kun (Japan)
Sindbad Mystery (Japan, Europe, Australia, New Zealand) (En)	01932df9	32768	Sindbad Mystery (Japan, Europe, Australia, New Zealand) (En)
Soukoban (Japan, Australia) (Ja)	922c5468	32768	Soukoban (Japan, Australia) (Ja)
Space Armor (Japan) (Othello Multivision)	d5fdb4a3	16384	Space Armor (Japan) (Othello Multivision)
Space Armor (Japan) (Othello Multivision) (Alt)	d23b0e3e	40960	Space Armor (Japan) (Othello Multivision)
Space Armor (Japan) (Rev 1) (Othello Multivision)	ac4f0a5c	16384	Space Armor (Japan) (Othello Multivision)
Space Invaders (Japan)	6ad5cb3d	16384	Space Invaders (Japan)
Space Mountain (Japan) (Othello Multivision)	bbd87d8f	8192	Space Mountain (Japan) (Othello Multivision)
Space Slalom (Japan)	b8b58b30	8192	Space Slalom (Japan)
Star Force (Japan, Australia) (Ja)	b846b52a	32768	Star Force (Japan, Australia) (Ja)
Star Jacker (Japan)	1ae94122	32768	Star Jacker (Japan)
Star Jacker (Japan, Europe) (En) (Rev 2)	3fe59505	32768	Star Jacker (Japan)
Star Jacker (Japan, Europe, Australia, New Zealand) (En) (Rev 1)	7f25deca	32768	Star Jacker (Japan)
Super Tank (Japan)	084cc13e	32768	Super Tank (Japan)
Wonder Boy (Japan) (Rev 1)	e8f0344d	32768	Wonder Boy (Japan, Australia) (Ja)
Wonder Boy (Japan, Australia) (Ja)	160535c5	32768	Wonder Boy (Japan, Australia) (Ja)
Yamato (Japan) (Alt)	9c7497ff	40960	Yamato (Japan, Europe, Australia, New Zealand) (En)
Yamato (Japan, Europe, Australia, New Zealand) (En)	e2fd5201	16384	Yamato (Japan, Europe, Australia, New Zealand) (En)
Zaxxon (Japan)	905467e4	32768	Zaxxon (Japan)
Zippy Race (Japan, Australia) (Ja)	bc5d20df	32768	Zippy Race (Japan, Australia) (Ja)
Zoom 909 (Japan)	093830d8	32768	Zoom 909 (Japan)
