#key	style	ss_system_id	encoding
After Burner Complete (Japan, USA) (En)	sstitle	19	lossless
Amazing Spider-Man, The - Web of Fire (USA)	sstitle	19	lossless
BC Racers (USA)	sstitle	19	lossless
Blackthorne (USA)	sstitle	19	lossless
Brutal - Above the Claw (USA)	sstitle	19	lossless
ClayFighter 2 (USA) (Proto)	sstitle	19	lossless
Cosmic Carnage (Japan, USA) (En)	sstitle	19	lossless
Darxide (Europe) (En,Fr,De,Es)	sstitle	19	lossless
Doom (Japan, USA) (En)	sstitle	19	lossless
FIFA Soccer 96 (Europe) (En,Fr,De,Es,It,Sv)	sstitle	19	lossless
Golf Magazine Presents - 36 Great Holes Starring Fred Couples (Japan, USA) (En)	sstitle	19	lossless
Knuckles' Chaotix (Japan, USA) (En)	sstitle	19	lossless
Kolibri (USA, Europe)	sstitle	19	lossless
Metal Head (Japan, USA) (En,Ja)	sstitle	19	lossless
Mortal Kombat II (Japan, USA) (En)	sstitle	19	lossless
Motocross Championship (USA)	sstitle	19	lossless
NBA Jam - Tournament Edition (World)	sstitle	19	lossless
NFL Quarterback Club (World)	sstitle	19	lossless
Pinocchio (Europe) (Proto)	sstitle	19	lossless
Pitfall - The Mayan Adventure (USA)	sstitle	19	lossless
Primal Rage (USA, Europe)	sstitle	19	lossless
RBI Baseball '95 (USA)	sstitle	19	lossless
Sangokushi IV (Japan)	sstitle	19	lossless
Soulstar X (USA) (Proto)	sstitle	19	lossless
Space Harrier (Japan, USA) (En)	sstitle	19	lossless
Spot Goes to Hollywood (USA) (Proto)	sstitle	19	lossless
Star Trek - Starfleet Academy - Starship Bridge Simulator (USA)	sstitle	19	lossless
Star Wars Arcade (USA)	sstitle	19	lossless
Stellar Assault (USA, Europe)	sstitle	19	lossless
T-MEK (USA, Europe)	sstitle	19	lossless
Tempo (Japan, USA) (En)	sstitle	19	lossless
Toughman Contest (USA, Europe)	sstitle	19	lossless
Virtua Fighter (Japan, USA) (En)	sstitle	19	lossless
Virtua Hamster (USA) (Proto)	sstitle	19	lossless
Virtua Racing Deluxe (USA)	sstitle	19	lossless
WWF Raw (World)	sstitle	19	lossless
WWF WrestleMania - The Arcade Game (USA)	sstitle	19	lossless
World Series Baseball Starring Deion Sanders (USA)	sstitle	19	lossless
X-Men (USA) (Proto)	sstitle	19	lossless
Zaxxon's Motherbase 2000 (Japan, USA) (En)	sstitle	19	lossless
